[
  {
    "hex": "#1d375d",
    "rgb": [
      29,
      55,
      93
    ],
    "percent": 17.32
  },
  {
    "hex": "#15323f",
    "rgb": [
      21,
      50,
      63
    ],
    "percent": 14.89
  },
  {
    "hex": "#1b365d",
    "rgb": [
      27,
      54,
      93
    ],
    "percent": 14.45
  },
  {
    "hex": "#2b3f40",
    "rgb": [
      43,
      63,
      64
    ],
    "percent": 11.23
  },
  {
    "hex": "#132f3f",
    "rgb": [
      19,
      47,
      63
    ],
    "percent": 11.04
  },
  {
    "hex": "#2c4645",
    "rgb": [
      44,
      70,
      69
    ],
    "percent": 7.84
  },
  {
    "hex": "#19324d",
    "rgb": [
      25,
      50,
      77
    ],
    "percent": 7.66
  },
  {
    "hex": "#bb904d",
    "rgb": [
      187,
      144,
      77
    ],
    "percent": 6.52
  },
  {
    "hex": "#2c303f",
    "rgb": [
      44,
      48,
      63
    ],
    "percent": 5.52
  },
  {
    "hex": "#21395b",
    "rgb": [
      33,
      57,
      91
    ],
    "percent": 2.36
  },
  {
    "hex": "#1e385c",
    "rgb": [
      30,
      56,
      92
    ],
    "percent": 0.8
  },
  {
    "hex": "#1b345a",
    "rgb": [
      27,
      52,
      90
    ],
    "percent": 0.37
  }
]